{"bearing1": {"bpfi": 0.00020757413115164372, "bpfo": 0.00024303214022118724, "rdf": 0.00022588334010504525}, "bearing3": {"bpfi": 0.0001718727066126189, "bpfo": 0.0001915587635138705, "rdf": 0.00017874051507087138}, "bearing2": {"bpfi": 0.0001510829599359926, "bpfo": 0.0001919470441425728, "rdf": 0.00016270306374631166}, "bearing4": {"bpfi": 0.000127264194918114, "bpfo": 0.00013884198810232398, "rdf": 0.00013649696394045534}}