{"bearing1": {"bpfo": 0.00018447894635074055, "bpfi": 0.00020732332139362103, "rdf": 0.00019961905031596567}, "bearing2": {"bpfo": 0.00019733795203564854, "bpfi": 0.00018522738303996915, "rdf": 0.00017770668776251363}, "bearing3": {"bpfo": 0.00017981054812280897, "bpfi": 0.00017306092369508852, "rdf": 0.00016813791853194406}, "bearing4": {"bpfo": 0.00016876463962158824, "bpfi": 0.00016569739273397183, "rdf": 0.00016264675076901774}}