{"bearing1": {"bpfo": 0.00018447894635074055, "bpfi": 0.00022060555944030462, "rdf": 0.0001790079223210449}, "bearing2": {"bpfo": 0.00017293911355544005, "bpfi": 0.0001516040169722671, "rdf": 0.00013622399675144065}, "bearing3": {"bpfo": 0.00018728339567171358, "bpfi": 0.00013295837113310208, "rdf": 0.00012077622165563648}, "bearing4": {"bpfo": 0.00017563488551950585, "bpfi": 0.0001363385629008081, "rdf": 0.0001230694904924892}}