{"bearing1": {"bpfo": 0.002491516431985175, "bpfi": 0.00280688196841432, "rdf": 0.002697446629818821}, "bearing2": {"bpfo": 0.002640633893097168, "bpfi": 0.0024405196199261737, "rdf": 0.0023238352455526683}, "bearing3": {"bpfo": 0.0024030050092517666, "bpfi": 0.0023291273711657664, "rdf": 0.0022672236102766236}, "bearing4": {"bpfo": 0.0023472893822180964, "bpfi": 0.00236094289371495, "rdf": 0.0023533667713608974}}